雨後の月,うごのつき,7
青酎,あおちゅう,11
御慶事,ごけいじ,14
明月,めいげつ,22
甕夕餉,かめゆうげ,22
神武の里,じんむのさと,22
蒸留したて明月,じょうりゅうしたてめいげつ,22
廣田泉,ひろたいずみ,24
極蒸,きょくふかし,31
秋鹿,あきしか,35
一滴千両,いってきせんりょう,36
秋田晴,あきたはる,37
高清水,たかしみず,38
なまはげ35,なまはげ35,40
出羽鶴,でわつる,40
爛漫,らんまん,43
一生青春,いっしょうせいしゅん,45
天明,てんめい,45
曙,あけぼの,45
酔舞,よいまい,47
阿桜,あざくら,48
阿櫻,あざくら,48
旭菊,あさひきく,57
朝日,あさひ,58
げってん,げってん,59
耶馬美人,やまびじん,59
獺祭,だっさい,60
久保田,くぼた,63
朝日山,あさひやま,63
越乃かぎろひ,こしおさむかぎろひ,63
越州,えっしゅう,63
十旭日,じゅうじあさひ,64
うみそら,うみそら,67
島思い,しまおもい,67
あさ開,あさびらき,69
三吉正宗,みよしまさむね,72
東薫,あずまかおる,74
えぼし山千本桜,えぼしざんせんぼんさくら,75
しぼりたて槽口,しぼりたてそうぐち,75
夕鶴の里,ゆうつるのさと,75
暴れ獅子,あばれしし,75
東の麓,ひがしのふもと,75
生涼,なまりょう,75
麻生富士子,あそうふじこ,77
麻生富士子N17,あそうふじこN17,77
初日,しょにち,80
風の森,かぜのもり,82
鷹長,たかちょう,82
勝畫楼,しょうがろう,83
天草,あまくさ,86
瑠璃の香,るりのこう,86
夘八,うはち,87
天吹,あまぶき,89
じょうご,じょうご,90
れんと,れんと,90
JOUGO,じょうご,91
浜千鳥,はまちどり,91
浜千鳥乃詩,はまちどりおさむし,91
高倉,たかくら,91
あじゃ,あじゃ,92
奄美,あまみ,93
瑠璃色の空,るりいろのそら,93
天海,てんかい,94
奄美美人,あまみびじん,94
国重,くにしげ,95
綾菊,あやきく,95
有泉,ありいずみ,105
徳明,とくめい,109
甲子,きのえね,112
杉並木,すぎなみき,113
天覧山,てんらんざん,118
壱岐っ娘,いきっむすめ,120
壱岐っ娘DX,いきっむすめDX,120
海鴉,うみがらす,121
和楽互尊,わがくたがいみこと,123
天上大風,てんじょうたいふう,123
心月輪,しんげつりん,123
池亀,いけがめ,124
謙信,けんしん,130
琵琶の長寿,びわのちょうじゅ,134
場の櫻,ばのさくら,135
倭小槌,やまとこづち,139
煌きの峰筑波,きらめきのみねつくば,143
生,なま,143
白鹿,はくしか,143
筑波,つくば,143
玉友,たまとも,148
澤乃泉,さわのいずみ,151
越乃寒梅,こしのかんばい,158
龍泉,ほんじょうぞうりゅうせん,161
龍泉洞,りゅうせんどう,161
灘泉,なだいずみ,164
磯自慢,いそじまん,169
樽くぐり時空伝,たるくぐりじくうでん,172
磯乃澤,いそのさわ,172
夢,ゆめ,179
市島,いちじま,179
王紋,おうもん,179
あ、不思議な酒,あふしぎなさけ,180
ひとめぼれ,ひとめぼれ,180
ひめぜん,ひめぜん,180
一ノ蔵,いちのくら,180
吉祥丸,きちじょうまる,180
玄昌,げんしょう,180
立春大吉,りっしゅんだいきち,180
笙鼓,しょうつづみ,180
一本義,いっぽんぎ,184
猿田彦,さるたひこ,187
里の華,さとのはな,187
鈿女,うづめ,187
トップ水雷,とっぷすいらい,195
稲田姫,いなたひめ,195
三井の寿,みいのことぶき,201
赤魔性,あかましょう,202
日田天領の舞,ひたてんりょうのまい,203
利右衛門,りえもん,210
前田利右衛門,まえだりえもん,210
堅蔵,かたぞう,210
於一の夢,おかついちのゆめ,210
秀水,しゅうすい,210
薩摩武士,さつまぶし,210
富久長,ふくちょう,215
春鹿,はるしか,218
今代司,いまよいつかさ,221
おやっとさぁ,おやっとさぁ,225
おやっとさあ,おやっとさあ,225
ど真ん中,どまんなか,225
べっぴんさん,べっぴんさん,225
ハイカラさんの焼酎,はいからさんのしょうちゅう,225
ハイカラさんの黒麹造り,はいからさんのくろこうじづくり,225
岩の泉,いわのいずみ,225
弥五郎どん,やごろうどん,225
源太郎蔵,げんたろうくら,225
直黒ひたぐろ,ちょくくろひたぐろ,225
薩摩の語部,さつまのかたりべ,225
くらら,くらら,226
しょうちゅうの華,しょうちゅうのはな,226
なに見てござる,なにみてござる,226
よんよん,よんよん,226
三段仕込み,さんだんじこみ,226
妻,つま,226
岩倉幸悦,いわくらこうえつ,226
幹,みき,226
月の中,つきのなか,226
長陽福娘,ちょうようふくむすめ,227
岩波,いわなみ,231
八重乃露,やえのつゆ,234
うえぞの,うえぞの,235
ねんりんピック鹿児島,ねんりんぴっくかごしま,235
みやんじょ,みやんじょ,235
みやんじょ温泉,みやんじょおんせん,235
もういっぺ,もういっぺ,235
ホワイトリカー園の露,ほわいとりかーえんのつゆ,235
北薩摩,きたさつま,235
園の露,そののつゆ,235
夢鏡,ゆめかがみ,235
太次郎,ふとしじろう,235
竹の翁,たけのおきな,235
鶴田ダム,つるただむ,235
ＬＯＶＥ宮之城,らぶみやのじょう,235
白馬錦,はくばにしき,240
鳳陽,おおとりひ,241
四季桜,しきさくら,245
天文館,てんもんかん,247
栄爵,さかえしゃく,249
梅ヶ枝,うめヶえだ,252
梅錦,うめにしき,256
梅乃宿,うめのやど,257
さつま木挽,さつまこびき,264
古秘,ふるひ,264
吉兆雲海,きっちょううんかい,264
大地の香輝,だいちのこうあきら,264
大河の一滴,おおかわのいってき,264
甕匠,かめたくみ,264
甕匠（かめのたくみ）,かめたくみ（かめのたくみ）,264
綾錦,あやにしき,264
花押雲海,かおううんかい,264
薩摩古秘,さつまふるひ,264
雲海,うんかい,264